,coef,std_err,pvalue
Intercept,32.63107239102864,0.022763488005745156,0.0
disadvantage_index,4.491205295555385,0.032186811232494145,0.0
nobs,70133.0,,
rsquared,0.21729823169410312,,
