,coef,std_err,pvalue
Intercept,15.194594556057684,0.009486952449159078,0.0
disadvantage_index,3.5418544231452467,0.013414233687546672,0.0
nobs,70133.0,,
rsquared,0.4985146335138432,,
